"name","type","class_name","skills__name","skills__level","skills__page"
"fighter","base_class","ファイター特技一覧","戦士の手","1","ALF70"
"","","","ヘヴィアーマー","1","ALF70"
"","","","ヘヴィウェポン","1","ALF70"
"","","","猛攻","1","ALF71"
"","","","体力増幅","1","HLI48"
"","","","集中","2","ALF71"
"","","","なぎ払い","2","ALF71"
"","","","奮起ふんき","2","AVF42"
"","","","虎視眈々こしたんたん","2","EIN18"
"","","","戦士の眼","3","ALF71"
"","","","戦士の構え","3","AVF42"
"","","","巻き打ち","3","EIN18"
"","","","切り返し","4","ALF71"
"","","","見切り","4","ALF71"
"","","","不動","4","AVF42"
"","","","苦痛耐性","5","AVF42"
"","","","振りかぶり","5","AVF42"
"","","","ねじり込み","5","EIN18"
"","","","身体訓練","5","HLI48"
"","","","渾身撃こんしんげき","6","ALF71"
"","","","闘志","6","AVF42"
"","","","骨砕き","6","EIN18"
"","","","反撃","7","AVF43"
"","","","猛撃","7","EIN18"
"","","","旋風撃","8","ALF71"
"","","","不屈","8","AVF43"
"","","","戦士の咆哮","8","EIN18"
"","","","衝撃","9","AVF43"
"","","","ダンスマカヴル","10","ALF71"
"","","","乱舞","10","AVF42"
"","","","体力強化","10","HLI48"
"","","","刹那せつなの一閃いっせん","12","AVF43"
"","","","轟震撃ごうじんげき","12","EIN19"
"","","","視殺しさつ","14","AVF43"
"","","","猛撃II","14","EIN19"
"","","","身体訓練II","15","HLI48"
"","","","絶対攻撃","16","AVF43"
"","","","闘志破砕","16","EIN19"
"","","","戦士の魂","18","AVF43"
"","","","神速乱舞","18","EIN19"
"","","","憤怒ふんぬ","20","AVF43"
"","","","万軍撃破","20","EIN19"
"","","","戦王","21","EIN19"
"","","","体力強化II","21","HLI48"
"","","","戦士の誇り","24","EIN19"
"","","","神技の極み","27","EIN19"
"","","","戦神の威風","30","EIN19"
"scout","base_class","スカウト特技一覧","活劇！","1","ALF72"
"","","","奇襲攻撃","1","ALF72"
"","","","ダブルウェポン","1","ALF72"
"","","","感覚強化","1","AVF44"
"","","","反射増幅","1","HLI49"
"","","","フェイドアウェイ","2","ALF73"
"","","","刹那せつなの見極め","2","EIN20"
"","","","死点撃ち","3","ALF73"
"","","","カムフラージュ装備","3","AVF44"
"","","","機動戦闘","3","EIN20"
"","","","フェイント","4","ALF73"
"","","","韋駄天","4","AVF44"
"","","","鷹の目","4","AVF44"
"","","","盗人ぬすびとの手","4","AVF44"
"","","","疾風はやての如く","4","EIN20"
"","","","フリーランニング","5","ALF73"
"","","","偵察訓練","5","HLI49"
"","","","闇夜の牙","6","ALF73"
"","","","残像","6","AVF44"
"","","","幻惑の舞踏","6","EIN20"
"","","","無面目むめんもく","7","ALF73"
"","","","イヴァンの毒","7","AVF45"
"","","","牽制攻撃けんせいこうげき","7","EIN20"
"","","","アクロバット","8","ALF73"
"","","","ディスアーム","8","AVF45"
"","","","機動戦闘II","8","EIN20"
"","","","奇襲攻撃II","9","ALF73"
"","","","死角","9","AVF45"
"","","","陽炎かげろう","10","ALF73"
"","","","乱れ撃ち","10","AVF45"
"","","","反射強化","10","HLI49"
"","","","セカンドアクション","12","AVF45"
"","","","隠密攻撃","12","EIN21"
"","","","大活劇!!","14","AVF45"
"","","","ジャミング","14","EIN21"
"","","","偵察訓練II","15","HLI49"
"","","","軽業","16","AVF45"
"","","","幻惑の舞踏II","16","EIN21"
"","","","影走り","18","AVF45"
"","","","奇襲攻撃III","18","EIN21"
"","","","技盗人","20","AVF45"
"","","","技の匠たくみ","20","EIN21"
"","","","ファストトリック","21","EIN21"
"","","","反射強化II","21","HLI49"
"","","","死線","24","EIN21"
"","","","殺しの哲学","27","EIN21"
"","","","絶対の刹那せつな","30","EIN21"
"black magician","base_class","ブラックマジシャン特技一覧","アイスブリット","1","ALF74"
"","","","ノック","1","ALF74"
"","","","サンダーフィスト","1","ALF74"
"","","","ファイアアロー","1","ALF75"
"","","","クイック","1","ALF75"
"","","","ロケーション","1","ALF75"
"","","","マジックキャンドル","1","AVF46"
"","","","スニークマジック","1","EIN22"
"","","","理知増幅","1","HLI49"
"","","","ファイアランス","2","ALF75"
"","","","ファインアート","2","ALF75"
"","","","ロック","2","ALF75"
"","","","フラッシュ","2","AVF46"
"","","","マジックフォース","2","EIN22"
"","","","サンダーボール","3","ALF75"
"","","","ダブルブリット","3","ALF75"
"","","","ディスガイズ","3","ALF75"
"","","","ハイスピードキャスト","3","EIN22"
"","","","ウィザードアイ","4","ALF76"
"","","","チャーム","4","ALF76"
"","","","ファイアブラスト","4","ALF76"
"","","","トリックスペル","4","EIN22"
"","","","アイスバインド","5","ALF76"
"","","","スリープ","5","ALF76"
"","","","フロート","5","ALF76"
"","","","スニークマジックII","5","EIN22"
"","","","知識収集","5","HLI49"
"","","","インビジビリティ","6","ALF76"
"","","","サンダークラック","6","ALF76"
"","","","フィアー","6","ALF76"
"","","","マジックサークル","6","AVF46"
"","","","アイスウォール","7","ALF77"
"","","","パスウォール","7","ALF77"
"","","","ファイアストーム","7","ALF77"
"","","","テレポート","8","ALF77"
"","","","サンダーフォール","8","ALF77"
"","","","プリズムセンス","8","AVF46"
"","","","カウンターマジック","8","EIN22"
"","","","フレイムマイン","9","ALF77"
"","","","ブレイクダウン","9","ALF77"
"","","","グラビティブラスト","10","ALF77"
"","","","コールドゲヘナ","10","ALF77"
"","","","理知強化","10","HLI50"
"","","","アイスコフィン","11","AVF46"
"","","","ファイアメテオ","11","AVF46"
"","","","サンダーツイスター","12","AVF47"
"","","","ファインアートII","12","AVF47"
"","","","ラスティネイト","12","EIN23"
"","","","グラビティドゥーム","13","AVF47"
"","","","ストップ","14","AVF47"
"","","","ウィンドストーム","14","EIN23"
"","","","デススペル","15","AVF47"
"","","","知識収集II","15","HLI50"
"","","","アースクエイク","16","AVF47"
"","","","スティッキーネット","16","EIN23"
"","","","ファインアートIII","17","AVF47"
"","","","ステイシス","18","AVF47"
"","","","ソウルバインド","18","EIN23"
"","","","ダークフレア","20","AVF47"
"","","","マスターオブマジック","20","EIN23"
"","","","セカンドスペル","21","EIN23"
"","","","理知強化II","21","HLI50"
"","","","メテオスウォーム","24","EIN23"
"","","","ダークバニッシュ","27","EIN23"
"","","","オーディンズアイ","30","EIN23"
"white mage","base_class","ホワイトメイジ特技一覧","エンチャントウェポン","1","ALF78"
"","","","エンチャントブレイド","1","ALF78"
"","","","ヒール","1","ALF78"
"","","","マジックアーマー","1","ALF79"
"","","","マジックシールド","1","ALF79"
"","","","ムーンライト","1","ALF79"
"","","","ライトニードル","1","AVF48"
"","","","コンセントレーション","1","EIN24"
"","","","意志増幅","1","HLI50"
"","","","キュア","2","ALF79"
"","","","シンパシー","2","ALF79"
"","","","スロウ","2","ALF79"
"","","","エンチャントブレイドII","3","ALF79"
"","","","プロテクション","3","ALF79"
"","","","レジストマジック","3","ALF79"
"","","","ヒールエリア","3","AVF48"
"","","","エナジーフォース","3","EIN24"
"","","","テレパシー","4","ALF80"
"","","","ニュートラライズ","4","ALF80"
"","","","リジェネレイト","4","ALF80"
"","","","セレブレイト","4","AVF48"
"","","","ホーリーストライク","4","EIN24"
"","","","インタラプト","5","ALF80"
"","","","フィジカルエンチャント","5","ALF80"
"","","","ホーリーウィンド","5","ALF80"
"","","","ワープ","5","AVF48"
"","","","アキュラシィ","5","EIN24"
"","","","精神鍛錬","5","HLI50"
"","","","ヒールII","6","ALF80"
"","","","ブレス","6","ALF80"
"","","","マジックシールドII","6","ALF80"
"","","","サクリファイス","7","ALF81"
"","","","プロテクションII","7","ALF81"
"","","","レイズ","7","ALF81"
"","","","コンセントレーションII","7","EIN24"
"","","","シールドブースト","8","ALF81"
"","","","ホーリーブレイド","8","ALF81"
"","","","ホーリーストライクII","8","EIN24"
"","","","ホーリーストーム","9","ALF81"
"","","","リフレッシュ","9","ALF81"
"","","","意志強化","10","HLI50"
"","","","リリース","10","ALF81"
"","","","レイズII","10","ALF81"
"","","","リザレクション","11","AVF48"
"","","","ヒールIII","11","AVF48"
"","","","フルポテンシャル","12","AVF49"
"","","","マジックシールドIII","12","AVF49"
"","","","エナジーフォースII","12","EIN25"
"","","","ペネトレイション","13","AVF49"
"","","","プロテクションIII","14","AVF49"
"","","","コンディションダウン","14","EIN25"
"","","","ホーリーアックス","15","AVF49"
"","","","精神鍛錬II","15","HLI50"
"","","","リフレッシュエリア","16","AVF49"
"","","","ディスタービング","16","EIN25"
"","","","アンチバッドステータス","17","AVF49"
"","","","リザレクションII","18","AVF49"
"","","","マジックシールドIV","18","EIN25"
"","","","セイクリッドスフィア","20","AVF49"
"","","","ホワイトロード","20","EIN25"
"","","","グレイトホーリー","21","EIN25"
"","","","意志強化II","21","HLI50"
"","","","ホーリーブレッシング","24","EIN25"
"","","","ディバインブレイド","27","EIN25"
"","","","ゴールデンアップル","30","EIN25"
"outlaw","other","アウトロウ特技一覧","資金調達","1","MIG40"
"","","","情報屋","1","MIG40"
"","","","銭投げ","1","MIG40"
"","","","盗品","1","MIG41"
"","","","スカヴェンジャー","1","EIN26"
"","","","危険察知","2","MIG41"
"","","","ダーティファイト","2","MIG41"
"","","","目つぶし","2","MIG41"
"","","","お宝","2","EIN26"
"","","","盗品II","3","MIG41"
"","","","トラップ","3","MIG41"
"","","","博徒ばくと","3","MIG41"
"","","","魂の薪たきぎ","3","EIN26"
"","","","エスケープ","4","MIG41"
"","","","狼たちの絆","4","MIG41"
"","","","闇の瞳","4","MIG42"
"","","","インベナム","4","EIN26"
"","","","任侠にんきょう","5","MIG42"
"","","","鉄砲玉","5","MIG42"
"","","","七変化","5","EIN26"
"","","","銭投げII","6","MIG42"
"","","","盗品III","6","MIG42"
"","","","ファイアトラップ","7","MIG42"
"","","","影の刃やいば","7","MIG42"
"","","","仕事人","8","MIG42"
"","","","銭投げIII","8","MIG42"
"","","","ポイズンマスタリー","8","EIN26"
"","","","暗黒街","9","MIG43"
"","","","アライブセンス","9","MIG43"
"","","","盗品IV","10","MIG43"
"","","","人斬り舎弟","10","MIG43"
"","","","挽歌","12","MIG43"
"","","","エレクトリックトラップ","12","EIN27"
"","","","仁義なき戦い","14","MIG43"
"","","","ポイズンマスタリーII","14","EIN27"
"","","","兄弟盃さかずき","16","MIG43"
"","","","マリシャストラップ","16","EIN27"
"","","","投資攻撃","18","MIG43"
"","","","盗品改造","18","EIN27"
"","","","夜の帝王","20","MIG43"
"","","","盗品V","20","EIN27"
"","","","水杯さかずき","21","EIN27"
"","","","極道","24","EIN27"
"","","","アンタッチャブル","27","EIN27"
"","","","神の至宝","30","EIN27"
"Vagrantz","other","ヴァグランツ特技一覧","運命の女神","1","ALF82"
"","","","芸術","1","ALF82"
"","","","事情通","1","ALF82"
"","","","ミニファミリア","1","AVF50"
"","","","ファミリア","2","ALF83"
"","","","癒しの歌","2","AVF50"
"","","","旅人の心得","2","AVF50"
"","","","知能","2","EIN28"
"","","","素早き脚","3","ALF83"
"","","","動物との会話","3","AVF50"
"","","","ファミリアアタック","3","EIN28"
"","","","コンビネーション","4","ALF83"
"","","","疫病神","4","AVF50"
"","","","魂の歌","5","ALF83"
"","","","巡りの星","5","AVF50"
"","","","ファミリアコントロール","5","EIN28"
"","","","命の歌","6","ALF83"
"","","","お願い","6","AVF51"
"","","","ファミリアライド","6","EIN28"
"","","","剣つるぎの歌","7","ALF83"
"","","","導きの歌","7","AVF51"
"","","","祝福の歌","8","ALF83"
"","","","自己犠牲","8","AVF51"
"","","","ファミリアガード","8","EIN28"
"","","","力の歌","9","ALF83"
"","","","戦いの歌","10","ALF83"
"","","","勇気の歌","10","AVF51"
"","","","ファミリアストーム","10","EIN28"
"","","","友なる獣","12","AVF51"
"","","","盟友","12","EIN29"
"","","","運命の行方","14","AVF51"
"","","","ファミリアリンク","14","EIN29"
"","","","守りの歌","16","AVF51"
"","","","ファミリアコンビネーション","16","EIN29"
"","","","復活の歌","18","AVF51"
"","","","ファミリアスキル","18","EIN29"
"","","","放浪の歌","20","AVF51"
"","","","ファミリアグロウ","20","EIN29"
"","","","詩神しじんの頌歌しょうか","21","EIN29"
"","","","人生の賛歌","24","EIN29"
"","","","世界の歌","27","EIN29"
"","","","詩神しじんの導き","30","EIN29"
"Wizard","other","ウィザード特技一覧","魔法学ウィザードリィ","1","ALF84"
"","","","賢者の石コンダクター","1","ALF84"
"","","","パワースペル","1","ALF84"
"","","","魔導書","1","EIN30"
"","","","エフィシエント","2","ALF85"
"","","","リスタート","2","AVF52"
"","","","写本","2","EIN30"
"","","","ディスペル","3","ALF85"
"","","","エヴァリエーション","3","AVF52"
"","","","原初の意志","3","EIN30"
"","","","ブレイクマジック","4","ALF85"
"","","","スペルコンパイル","4","AVF52"
"","","","魔導書検索","4","EIN30"
"","","","クリアマインド","5","ALF85"
"","","","タリスマン","5","AVF52"
"","","","メディテーション","5","AVF52"
"","","","ブースト","6","ALF85"
"","","","マジカルホリック","6","AVF52"
"","","","魔導書解放","6","EIN30"
"","","","ディスペルII","7","ALF85"
"","","","トライジュエル","7","AVF53"
"","","","キャントリップ","8","ALF85"
"","","","ストロングスペル","8","AVF53"
"","","","魔導書検索II","8","EIN30"
"","","","ロックアップ","9","ALF85"
"","","","魔力充填","9","EIN31"
"","","","リフレクトマジック","10","ALF85"
"","","","賢者の石第二段階コンダクターセカンドステージ","10","AVF53"
"","","","スティールウィル","12","AVF53"
"","","","写本II","12","EIN31"
"","","","上級魔法学アドバンストウィザードリィ","14","AVF53"
"","","","魔導神","14","EIN31"
"","","","ディスペルIII","16","AVF53"
"","","","魔導書融合","16","EIN31"
"","","","第五元素フィフスエレメント","18","AVF53"
"","","","デリートマジック","20","AVF53"
"","","","全知を得し者","20","EIN31"
"","","","賢者の知恵","21","EIN31"
"","","","デュアルキャスト","24","EIN31"
"","","","オリジナルメソッド","27","EIN31"
"","","","真理を得し者マスター・オブ・ザ・マナ","30","EIN31"
"alias","other","エイリアス特技一覧","インプリント","1","WAR22"
"","","","エイリアス部隊戦闘服","1","WAR22"
"","","","身代わりの羊","1","WAR22"
"","","","強化マクストエプロン","2","WAR23"
"","","","強化眼鏡マクストブリレ","2","WAR23"
"","","","模造I","2","WAR23"
"","","","闇語り","2","EIN32"
"","","","異形の力","3","WAR23"
"","","","カバラ迷彩","3","WAR23"
"","","","強化装身具マクストシュムック","3","WAR23"
"","","","筋力増強","3","EIN32"
"","","","魔導集積回路","3","EIN32"
"","","","異形の手","4","WAR23"
"","","","衣替え","4","WAR23"
"","","","猿飛","4","WAR23"
"","","","ワンポイント","4","EIN32"
"","","","異形の守り","5","WAR24"
"","","","偽装爆弾","5","WAR24"
"","","","影撃えいげき","6","WAR24"
"","","","守りの外套","6","WAR24"
"","","","戦闘用人格","7","WAR24"
"","","","強化外套マクストマンテル","7","WAR24"
"","","","模造II","7","WAR24"
"","","","筋力増強II","7","EIN32"
"","","","喪失","8","WAR24"
"","","","闇の闘気","8","WAR24"
"","","","異形の感覚","9","WAR25"
"","","","対奈落防御","9","WAR25"
"","","","魔導集積回路II","9","EIN32"
"","","","死神の手","10","WAR25"
"","","","異形の手II","10","EIN33"
"","","","エイリアス部隊上位戦闘服","12","WAR25"
"","","","変異","12","WAR25"
"","","","カスタムファッション","14","WAR25"
"","","","影の務め","14","EIN33"
"","","","暴走","16","WAR25"
"","","","異形の殺意","16","EIN33"
"","","","虚無の手","18","WAR25"
"","","","異形の手III","18","EIN33"
"","","","奈落の心臓","20","WAR25"
"","","","模造III","20","EIN33"
"","","","暗黒の気","21","EIN33"
"","","","記憶解放","24","EIN33"
"","","","完全影化","27","EIN33"
"","","","変異複製","30","EIN33"
"Agent","other","エージェント特技一覧","GA-SS 防弾防刃スーツ","1","ALF86"
"","","","－","GB-XX 特殊鋼ブレイド","1"
"","","","ALF86","－","GC-XX 携帯型キャノン"
"","","","1","ALF86","－"
"","","","GMS-XX 魔導増幅ブースターロッド","1","AVF54"
"","","","－","YAM-88強化スーツ","1"
"","","","WAR38","ヨルムンガルド","YGMG-039短機関銃サブマシンガン"
"","","","1","WAR38","ヨルムンガルド"
"","","","YGS-001特殊短剣ダガー","1","WAR38"
"","","","ヨルムンガルド","VHI-XX アイスブラスター","1"
"","","","MIG82","ヴァナヘイム","VHS-XX アイスロッド"
"","","","1","MIG82","ヴァナヘイム"
"","","","VIS-10 対魔法スーツ","1","MIG82"
"","","","ヴァナヘイム","リサーチサポート","1"
"","","","EIN34","－","GS-32 耐衝撃ケース"
"","","","2","ALF87","－"
"","","","GSN-01 視覚サポート","2","AVF54"
"","","","－","YGC-07カバラ車両","2"
"","","","WAR38","ヨルムンガルド","YGN-01情報サポート"
"","","","2","WAR38","ヨルムンガルド"
"","","","VVHN-01 幸運サポート","2","MIG82"
"","","","ヴァナヘイム","VHV-2 水陸両用車両","2"
"","","","MIG82","ヴァナヘイム","セーフハウス"
"","","","2","EIN34","－"
"","","","GRM-46 メタルコート","3","ALF87"
"","","","－","GMS-OP 魔導加速機","3"
"","","","AVF54","－","YGI-64スティールコート"
"","","","3","WAR38","ヨルムンガルド"
"","","","YMM-41魔導強化呪符タリスマン","3","WAR39"
"","","","ヨルムンガルド","YGR-X重力操作ユニット","3"
"","","","WAR39","ヨルムンガルド","VHW-44 魔法演算システム"
"","","","3","MIG82","ヴァナヘイム"
"","","","VHK-31 バーストカスタム","3","MIG83"
"","","","ヴァナヘイム","GSN-02 戦闘サポート","4"
"","","","ALF87","－","GG-74 閃光衝撃弾"
"","","","4","AVF54","－"
"","","","YGM-D皮膚下装甲処理","4","WAR39"
"","","","ヨルムンガルド","VF-SS 攻撃予測システム","4"
"","","","MIG83","ヴァナヘイム","GMW-CA 自律調整装置"
"","","","4","EIN34","－"
"","","","GC-XX用ジェネレーター","5","ALF87"
"","","","－","GMS-SP 特殊演算装置","5"
"","","","AVF54","－","YH-45ヒートジェネレーター"
"","","","5","WAR39","ヨルムンガルド"
"","","","VH-55 アイスコンバーター","5","MIG83"
"","","","ヴァナヘイム","GMS-XX用コンバーター","5"
"","","","EIN34","－","GA-OP 耐環境コート"
"","","","6","ALF87","－"
"","","","YGD-R感情抑制剤","6","WAR39"
"","","","ヨルムンガルド","VHC-36 魔力増幅薬","6"
"","","","MIG83","ヴァナヘイム","GMS-CA 魔導増幅機"
"","","","6","EIN34","－"
"","","","GSA-88 対衝撃障壁","7","ALF87"
"","","","－","YH-55格闘強化","7"
"","","","WAR39","ヨルムンガルド","VH-44 氷強化システム"
"","","","7","MIG83","ヴァナヘイム"
"","","","VHMS57 魔力シールド","7","MIG83"
"","","","ヴァナヘイム","GI-88 戦闘用人工知能","8"
"","","","ALF87","－","GMP-HW 鋼化神経手術"
"","","","8","AVF54","－"
"","","","GMP-MM 魔装化手術","8","AVF55"
"","","","－","YH-88魔力強化","8"
"","","","WAR39","ヨルムンガルド","VH-XS 魔法支援システム"
"","","","8","MIG83","ヴァナヘイム"
"","","","GA-CS 特殊コーティング","8","EIN34"
"","","","－","GSS-04 苦痛遮断装置","9"
"","","","ALF87","－","YH-89体力強化"
"","","","9","WAR39","ヨルムンガルド"
"","","","VH-OA オアンネス秘薬","9","MIG83"
"","","","ヴァナヘイム","GMP-00 機装化手術","10"
"","","","ALF87","－","GA-SP 対環境ベスト"
"","","","10","AVF55","－"
"","","","YG-666自爆装置","10","WAR39"
"","","","ヨルムンガルド","VHD-OX 自壊連鎖爆弾","10"
"","","","MIG83","ヴァナヘイム","GBN-XX 特殊鋼ブレイド改"
"","","","12","AVF55","－"
"","","","GCN-XX 携帯型キャノン改","12","AVF55"
"","","","－","GMO-XX 魔導増幅ブースター二式","12"
"","","","AVF55","－","GA-SX 対攻性スーツ"
"","","","14","AVF55","－"
"","","","GMP-HX 反射強化処置","14","EIN35"
"","","","－","GMP-MX 魔装強化処置","14"
"","","","EIN35","－","GW-99 サポートシステム"
"","","","16","AVF55","－"
"","","","GMP-0X 機装強化処置","16","EIN35"
"","","","－","GMF-00 火器管制システム","18"
"","","","AVF55","－","バックアップサポート"
"","","","18","EIN35","－"
"","","","GMP-XX 慣性制御システム","20","AVF55"
"","","","－","GP-OB ブースターパック","20"
"","","","EIN35","－","ベストオブベスト"
"","","","21","EIN35","－"
"","","","ネバーギブアップ","24","EIN35"
"","","","－","アバランチ","27"
"","","","EIN35","－","ミスターパーフェクト"
"","","","30","EIN35","－"
"Elementaler","other","エレメンタラー特技一覧","契約:サラマンダー","1","ALF88"
"","","","契約:ウンディーネ","1","ALF88"
"","","","契約:シルフ","1","ALF88"
"","","","異形化","1","ALF89"
"","","","精霊強化","2","ALF89"
"","","","精霊球","2","AVF56"
"","","","精霊陣","2","AVF56"
"","","","精霊嵐流","2","EIN36"
"","","","精霊剣","2","EIN36"
"","","","刻印","3","ALF89"
"","","","精霊具現","3","AVF56"
"","","","精霊弾","3","EIN36"
"","","","精霊侵食","4","ALF89"
"","","","深化","5","ALF89"
"","","","精霊同調","5","EIN36"
"","","","属性防御","6","ALF89"
"","","","色彩侵食","7","AVF56"
"","","","精霊槍せいれいそう","7","EIN36"
"","","","高速変化","8","ALF89"
"","","","精霊強化","8","AVF56"
"","","","憑依武器","8","EIN36"
"","","","同化","9","ALF89"
"","","","属性誘導","9","AVF56"
"","","","精霊舞踏","10","ALF89"
"","","","精霊召喚","10","AVF57"
"","","","精霊刀","10","AVF57"
"","","","属性無効","12","AVF57"
"","","","精霊誘導","12","EIN37"
"","","","攻性精霊壁","14","AVF57"
"","","","属性融合","14","AVF57"
"","","","憑依変化ひょういへんげ","14","EIN37"
"","","","異界の門","16","AVF57"
"","","","精霊軍","16","AVF57"
"","","","精霊盾","16","EIN37"
"","","","精霊暴走","18","AVF57"
"","","","精霊石せいれいせき","18","EIN37"
"","","","精霊昇華","20","AVF57"
"","","","精霊融合","20","EIN37"
"","","","超異形化","21","EIN37"
"","","","精霊猛襲","24","EIN37"
"","","","精霊顕現","27","EIN37"
"","","","天罰降臨","30","EIN37"
"Oracle","other","オラクル特技一覧","エイルの癒し","1","AVF26"
"","","","ナンナの祈り","1","AVF26"
"","","","フリッグの予知","1","AVF26"
"","","","ミューズの絆","1","EIN38"
"","","","ウルの瞳","2","AVF27"
"","","","シフの金糸","2","AVF27"
"","","","スノトラの英知","2","AVF27"
"","","","エルダの予言","2","EIN38"
"","","","マリーシの陽炎","2","EIN38"
"","","","イーヴァルディの鍛え","3","AVF27"
"","","","イドゥンの祝福","3","AVF27"
"","","","エーギルの黄金","3","AVF27"
"","","","ソールの太陽","4","AVF27"
"","","","ヘルモードの勇気","4","AVF27"
"","","","マーニの月","4","AVF27"
"","","","ティアマトーの血潮","5","AVF28"
"","","","ニョルドの守護","5","AVF28"
"","","","ヘイムダルの眼力","5","AVF28"
"","","","ヘラクレスの栄光","5","EIN38"
"","","","ティールの正義","6","AVF28"
"","","","フレイの宝剣","6","AVF28"
"","","","バルドルの光","7","AVF28"
"","","","フェンリルの咆吼ほうこう","7","AVF28"
"","","","ヨルムンガルドの魔毒","7","EIN38"
"","","","タケミカヅチの怒り","8","AVF28"
"","","","ツクヨミの輝き","8","AVF28"
"","","","フレイヤの導き","9","AVF29"
"","","","ヘルの蘇生","9","AVF29"
"","","","ネルガルの支配","10","AVF29"
"","","","ブラギの詩","10","AVF29"
"","","","アカラナータの炎","10","EIN38"
"","","","トールの槌","12","AVF29"
"","","","レイアの助言","12","EIN39"
"","","","フォルセティの裁き","14","AVF29"
"","","","シャヘルの輝き","14","EIN39"
"","","","オーディンの魔力","16","AVF29"
"","","","モイライの繰くり糸","16","EIN39"
"","","","スィンの否定","18","AVF29"
"","","","ファフニールの生命","18","EIN39"
"","","","ヴァルハラ","20","AVF29"
"","","","アングルボザの心臓","20","EIN39"
"","","","アルベリヒの呪い","21","EIN39"
"","","","ロキの悪戯いたずら","24","EIN39"
"","","","アルファズルの決意","27","EIN39"
"","","","ビフロスト","30","EIN39"
"cavalry","other","キャバルリー特技一覧","騎士の誉ほまれ","1","MIG44"
"","","","騎士の覚悟","1","MIG44"
"","","","キャバリエ","1","MIG44"
"","","","コールレアミュー","1","MIG45"
"","","","ライディングレアミュー","1","MIG45"
"","","","騎士の一撃","2","MIG45"
"","","","騎士の守り","2","MIG45"
"","","","レアミューチャージ","2","MIG45"
"","","","騎士の名乗り","2","EIN40"
"","","","アフェクション","3","MIG45"
"","","","騎士の鎧","3","MIG45"
"","","","不動の盾","3","EIN40"
"","","","命の絆","4","MIG45"
"","","","エアライド","4","MIG45"
"","","","騎士の決闘","4","EIN40"
"","","","騎士道","5","MIG46"
"","","","誓約の一撃","5","MIG46"
"","","","レアミューブリード","5","MIG46"
"","","","触れ得ざる戦い","5","EIN40"
"","","","騎士の心","6","MIG46"
"","","","ダイレクトロール","6","MIG46"
"","","","騎士の本懐","6","EIN40"
"","","","大騎士","7","MIG46"
"","","","プロテクションフェザー","7","MIG46"
"","","","鋼はがねの意志","8","MIG46"
"","","","レアミューブリードII","8","MIG46"
"","","","極致の一撃","9","MIG47"
"","","","レアミューチャージII","9","MIG47"
"","","","聖騎士","10","MIG47"
"","","","魔騎士","10","MIG47"
"","","","英雄の名乗り","10","EIN40"
"","","","守護の翼","12","MIG47"
"","","","ワイルドブリード","12","EIN41"
"","","","真まことの騎士","14","MIG47"
"","","","レアミューチャージIII","14","EIN41"
"","","","伝説の鎧","16","MIG47"
"","","","サクリファイスセーヴ","16","EIN41"
"","","","伝説の剣つるぎ","18","MIG47"
"","","","ユニゾンロール","18","EIN41"
"","","","英雄騎士","20","MIG47"
"","","","ファンタズマルブリード","20","EIN41"
"","","","叙事詩の一撃","21","EIN41"
"","","","希望の旗印はたじるし","24","EIN41"
"","","","騎士の魂","27","EIN41"
"","","","神話騎士","30","EIN41"
"samurai","other","サムライ特技一覧","士魂しこん","1","ALF90"
"","","","二刀流","1","ALF90"
"","","","両手持ち","1","ALF90"
"","","","士道","1","EIN42"
"","","","居合い","2","ALF91"
"","","","剣槍けんそう","2","AVF58"
"","","","刀魂とうこん","2","EIN42"
"","","","強力無双ごうりきむそう","3","ALF91"
"","","","縮地しゅくち","3","AVF58"
"","","","みね打ち","3","EIN42"
"","","","鎌鼬かまいたち","4","ALF91"
"","","","無明剣むみょうけん","4","AVF58"
"","","","切り込みの構え","4","EIN42"
"","","","操気術そうきじゅつ","5","ALF91"
"","","","撃剣げきけん","6","ALF91"
"","","","変移抜刀へんいばっとう","6","AVF58"
"","","","名刀","7","ALF91"
"","","","剣鬼けんき","7","AVF58"
"","","","妖刀","7","EIN42"
"","","","練気れんき","8","ALF91"
"","","","剣神けんじん","8","AVF58"
"","","","鍔迫つばぜり","8","EIN42"
"","","","武神いくさがみ","9","ALF91"
"","","","明鏡止水めいきょうしすい","9","AVF59"
"","","","練達れんたつの構え","9","EIN43"
"","","","無拍子むびょうし","10","ALF91"
"","","","三刀流さんとうりゅう","10","AVF59"
"","","","一之太刀ひとつのたち","10","AVF59"
"","","","霞斬かすみぎり","12","AVF59"
"","","","兜割かぶとわり","12","EIN43"
"","","","修羅しゅら","14","AVF59"
"","","","隠し太刀","14","EIN43"
"","","","多刀流たとうりゅう","16","AVF59"
"","","","剣太刀つるぎのたち","16","AVF59"
"","","","気功きこう","18","AVF59"
"","","","秘剣の構え","18","EIN43"
"","","","乾坤一擲けんこんいってき","20","AVF59"
"","","","開眼","20","EIN43"
"","","","武神降臨","21","EIN43"
"","","","練気の極み","24","EIN43"
"","","","秘奥剣ひおうけん","27","EIN43"
"","","","武神剣気","30","EIN43"
"jar head","other","ジャーヘッド特技一覧","サンドスーツ","1","ALF92"
"","","","サブマシンガン","1","ALF92"
"","","","ハンドグレネード","1","ALF92"
"","","","ハンドガン","1","AVF60"
"","","","インファントビートル","1","EIN44"
"","","","ワイヤーアクション","2","ALF93"
"","","","ポーションホルダー","2","AVF60"
"","","","ギアスリンク","3","ALF93"
"","","","アンプルシューター","3","AVF61"
"","","","ジャンプロケット","3","EIN44"
"","","","デコイ","4","ALF93"
"","","","ライディングビートル","4","AVF60"
"","","","アサルトライフル","5","ALF93"
"","","","ヘヴィピストル","5","AVF60"
"","","","薬品調合","5","AVF60"
"","","","マスタービートル","5","EIN44"
"","","","レーザーサイト","6","ALF93"
"","","","音響爆弾","6","AVF61"
"","","","ビートルチャージ","6","AVF61"
"","","","サンドコート","7","ALF93"
"","","","リアクティブアーマー","7","EIN44"
"","","","炸裂弾","8","ALF93"
"","","","ロケットランチャー","9","ALF93"
"","","","グロウビートル","9","EIN44"
"","","","コンバットドラッグ","10","ALF93"
"","","","コンパウンド10","10","AVF61"
"","","","ターゲットロック","10","AVF61"
"","","","ビートルスタンピード","10","EIN44"
"","","","契約の銃ギアスガン","12","AVF61"
"","","","シフトシュート","12","EIN45"
"","","","サンドアーマー","14","AVF61"
"","","","生命維持装置","14","EIN45"
"","","","サンドパック","16","AVF61"
"","","","グレートビートル","16","EIN45"
"","","","ラストドラッグ","18","AVF61"
"","","","蟲笛","18","EIN45"
"","","","スーパーナパーム","20","AVF61"
"","","","パワーアンプリファイア","20","EIN45"
"","","","ムスペルズギフト","21","EIN45"
"","","","アルティメットドラッグ","24","EIN45"
"","","","終末の炎","27","EIN45"
"","","","神の業火","30","EIN45"
"sorcerer","other","ソーサラー特技一覧","セフィロト","1","WAR26"
"","","","癒しの滴しずく","1","WAR26"
"","","","カバラ薬学","1","WAR26"
"","","","魔導プログラム","1","WAR27"
"","","","マナ集積","1","WAR27"
"","","","アシッドキラー","2","WAR27"
"","","","改造武器","2","WAR27"
"","","","飛行ユニット","2","WAR27"
"","","","リファクタリング","2","EIN46"
"","","","天眼鏡","3","WAR27"
"","","","オプティマイズ","3","EIN46"
"","","","アクセル","4","WAR27"
"","","","活性化","4","WAR27"
"","","","ブーストコード","4","EIN46"
"","","","電磁バリアー","5","WAR27"
"","","","バグドラッグ","5","WAR28"
"","","","イレギュラーコード","5","EIN46"
"","","","カバラ学","6","WAR28"
"","","","デザイナーズドラッグ","6","WAR28"
"","","","カバラ強化","7","WAR28"
"","","","ドラッグシンセサイザー","7","WAR28"
"","","","飛行ユニットII","7","EIN46"
"","","","マテリアルマナ","8","WAR28"
"","","","リバースドラッグ","8","WAR28"
"","","","ブーストコードII","8","EIN46"
"","","","癒しの一撃","9","WAR73"
"","","","精緻せいちなる業わざ","10","WAR28"
"","","","ワイルドカード","10","WAR29"
"","","","カバラ薬学II","12","WAR29"
"","","","人間戦車メンシェン・イェーガー","12","WAR29"
"","","","リコーディング","12","EIN47"
"","","","クリスタル生成","14","WAR29"
"","","","スタンピード","14","WAR29"
"","","","セフィロト改造","14","EIN47"
"","","","生命の水アクア・ウィタエ","16","WAR29"
"","","","上級カバラ学","16","WAR29"
"","","","インタラプトサポート","16","EIN47"
"","","","エンジェルダスト","18","WAR29"
"","","","改造武器II","18","EIN47"
"","","","魔導積層都市","20","WAR29"
"","","","人造精霊","20","EIN47"
"","","","フェアベッセルング","21","EIN47"
"","","","試用超兵器","24","EIN47"
"","","","神の境地","27","EIN47"
"","","","真理の扉","30","EIN47"
"Zoldat","other","ゾルダート特技一覧","帝国軍装備","1","WAR30"
"","","","強化人工筋肉","1","WAR30"
"","","","強化人工神経","1","WAR30"
"","","","射撃補正機構","1","EIN48"
"","","","支援兵","1","EIN48"
"","","","格闘強化機構","2","WAR31"
"","","","瞬間加速機構","2","WAR31"
"","","","戦闘用電子頭脳","2","WAR31"
"","","","強化人工骨格","3","WAR31"
"","","","装甲義手","3","WAR31"
"","","","装甲義足","3","WAR31"
"","","","精神防壁","4","WAR31"
"","","","対魔皮膚","4","WAR31"
"","","","強化人工筋肉II","5","WAR31"
"","","","強化人工神経II","5","WAR32"
"","","","動力甲冑ゲパルトギア","5","WAR32"
"","","","射撃補正機構II","5","EIN48"
"","","","専用装備","6","WAR32"
"","","","反動防御機構","6","WAR32"
"","","","重装型動力甲冑ゲパルトギア","6","BKF22"
"","","","水陸両用動力甲冑ゲパルトギア","6","BKF22"
"","","","補給調達","6","EIN48"
"","","","観測眼","7","WAR32"
"","","","肉体再生機構","7","WAR32"
"","","","指揮官用動力甲冑ゲパルトギア","7","BKF22"
"","","","飛行試験型動力甲冑ゲパルトギア","7","BKF22"
"","","","機甲猟兵","7","EIN48"
"","","","統合電子頭脳","8","WAR32"
"","","","強化型FCS","8","BKF22"
"","","","機動力変換機構","9","WAR32"
"","","","出力強化機構","9","WAR32"
"","","","強化人工筋肉III","10","WAR33"
"","","","強化人工神経III","10","WAR33"
"","","","専用機カスタマイズ","10","BKF22"
"","","","射撃補正機構III","10","EIN48"
"","","","照準補正装置","12","WAR33"
"","","","白兵強化機構","12","WAR33"
"","","","戦術サポートシステム","12","BKF23"
"","","","物体粉砕機構","12","EIN49"
"","","","全方位知覚","14","WAR33"
"","","","専用装備II","14","EIN49"
"","","","斥力障壁機構","16","WAR33"
"","","","動力甲冑ゲパルトギア用AG機構","16","BKF23"
"","","","精神安定機構","16","EIN49"
"","","","反応加速装置","18","WAR33"
"","","","制限解除","18","WAR33"
"","","","有線誘導式攻撃システム","18","BKF23"
"","","","出力暴走","18","EIN49"
"","","","完全兵士","20","WAR33"
"","","","絶対破壊","20","EIN49"
"","","","強化リアクター","21","EIN49"
"","","","戦天使いくさてんしの恩寵おんちょう","24","EIN49"
"","","","最後の一弾","27","EIN49"
"","","","雷鳴の使徒","30","EIN49"
"dark one","other","ダークワン特技一覧","ヒューマナイズ","1","MIG48"
"","","","奈落種:アンデッド","1","MIG48"
"","","","奈落種:オーク","1","MIG48"
"","","","奈落種:ガイスト","1","MIG49"
"","","","奈落種:ターマイト","1","MIG49"
"","","","奈落種:フォモール","1","MIG49"
"","","","ウォーカー","1","MIG49"
"","","","ボマー","1","MIG49"
"","","","奈落の恩寵おんちょう","1","EIN50"
"","","","クラストメイル","2","MIG49"
"","","","クラッシャー","2","MIG49"
"","","","コアファング","2","MIG49"
"","","","シャドウゲイズ","2","MIG49"
"","","","レギオン","2","MIG50"
"","","","呪わしき血潮","2","EIN50"
"","","","ゲシュタルト","3","MIG50"
"","","","ダークマター","3","MIG50"
"","","","フォーメーション:ニードル","3","MIG50"
"","","","ホーンド","3","MIG50"
"","","","デモンアンテナ","4","MIG50"
"","","","フォーメーション:シールド","4","MIG50"
"","","","ラッシュテンタクル","4","MIG50"
"","","","アナフィラキシーショック","4","EIN50"
"","","","ソルジャー","5","MIG50"
"","","","チーフ","5","MIG51"
"","","","ブラスター","5","MIG51"
"","","","ギルブレード","6","MIG51"
"","","","シャドウゲイズII","6","MIG51"
"","","","フォーメーション:スプレッド","6","MIG51"
"","","","インフルエンス","6","EIN50"
"","","","ライフグリード","7","MIG51"
"","","","ウィングド","7","MIG51"
"","","","クラストメイルII","7","MIG51"
"","","","スペシャライズ","8","MIG51"
"","","","フォーメーション:ファランクス","8","MIG52"
"","","","クラッカーレイヴ","9","MIG52"
"","","","デストロイヤー","9","MIG52"
"","","","ブラッドチェイン","9","EIN50"
"","","","ガード","10","MIG52"
"","","","キャプテン","10","MIG52"
"","","","プレセプター","10","MIG52"
"","","","苦痛の連鎖","10","EIN50"
"","","","ダークブラッド","12","MIG52"
"","","","黒き害意","12","EIN51"
"","","","デストロイヤーII","14","MIG52"
"","","","コラプション","14","EIN51"
"","","","キング","16","MIG52"
"","","","メンター","16","MIG53"
"","","","シャドウゲイズIII","16","EIN51"
"","","","ヴァイタルコントロール","18","MIG53"
"","","","クラストメイルIII","18","EIN51"
"","","","ヴァニッシャー","20","MIG53"
"","","","世界を蝕むしばむ毒","20","EIN51"
"","","","凍てつく闇","21","EIN51"
"","","","アビスイーター","24","EIN51"
"","","","チャンピオン","27","EIN51"
"","","","永久無限の悪意","30","EIN51"
"ninja","other","ニンジャ特技一覧","ニンジャ装備","1","MIG54"
"","","","ニンジャ殺法","1","MIG54"
"","","","忍法:火遁かとんの術","1","MIG54"
"","","","忍者丸にんじゃがん","1","EIN52"
"","","","暗殺術","2","MIG55"
"","","","黒羽くろはの刃やいば","2","MIG55"
"","","","忍法:射刀の術","2","MIG55"
"","","","忍法:木遁もくとんの術","2","MIG55"
"","","","倍化の法","2","EIN52"
"","","","空蝉うつせみ","3","MIG55"
"","","","毒手","3","MIG55"
"","","","忍法:金遁きんとんの術","3","MIG55"
"","","","千変の法","3","EIN52"
"","","","拡大の術","4","MIG55"
"","","","忍法:水遁すいとんの術","4","MIG55"
"","","","分身","4","MIG56"
"","","","精緻せいちの法","4","EIN52"
"","","","極死ごくしの儀","5","MIG56"
"","","","忍法:土遁どとんの術","5","MIG56"
"","","","イヅナ落とし","5","EIN52"
"","","","眠り玉","6","MIG56"
"","","","羅刹丸らせつがん","6","MIG56"
"","","","霧隠れ","7","MIG56"
"","","","ニンジャ殺法・弐","7","MIG56"
"","","","黒羽くろはの刃やいば・弐","8","MIG56"
"","","","忍法:射刀の術・弐","8","MIG56"
"","","","大忍法","9","MIG57"
"","","","微塵みじん隠れ","9","MIG57"
"","","","万化の法","9","EIN52"
"","","","忍法:破魔","10","MIG57"
"","","","神威かむいの印","10","MIG57"
"","","","忍法:白虎びゃっこ","12","MIG57"
"","","","忍法:射刀の術・参","12","EIN53"
"","","","忍法:玄武げんぶ","14","MIG57"
"","","","大分身","14","EIN53"
"","","","忍法:朱雀すざく","16","MIG57"
"","","","黒羽くろはの刃やいば・参","16","EIN53"
"","","","忍法:青龍","18","MIG57"
"","","","ニンジャ殺法・参","18","EIN53"
"","","","忍法:技鏡","20","MIG57"
"","","","忍法:不死鳥","20","EIN53"
"","","","大忍者","21","EIN53"
"","","","忍法:影写し","24","EIN53"
"","","","暗剣殺","27","EIN53"
"","","","忍法:月光","30","EIN53"
"barbarian","other","バーバリアン特技一覧","トランス","1","MIG58"
"","","","はじまりの紋","1","MIG58"
"","","","戦士の紋","1","MIG58"
"","","","超巨大武器","1","MIG59"
"","","","野生の恩寵おんちょう","1","EIN54"
"","","","鋭刃えいじんの紋","2","MIG59"
"","","","強力ごうりきの紋","2","MIG59"
"","","","剛健の紋","2","EIN54"
"","","","炎撃の紋","3","MIG59"
"","","","氷撃の紋","3","MIG59"
"","","","雷撃の紋","3","MIG59"
"","","","激震の紋","4","MIG59"
"","","","命力の紋","4","MIG59"
"","","","トランスアタック","4","EIN54"
"","","","超重量武器","5","MIG59"
"","","","トランスII","5","MIG60"
"","","","抗魔の紋","6","MIG60"
"","","","ファストトランス","6","MIG60"
"","","","紋章活性","6","EIN54"
"","","","護法の紋","7","MIG60"
"","","","魔除けの紋","7","MIG60"
"","","","聖樹の癒し","8","MIG60"
"","","","生命の紋","8","MIG60"
"","","","幻葉げんようの紋","9","MIG60"
"","","","光撃の紋","9","MIG60"
"","","","闇撃の紋","9","EIN54"
"","","","真なる紋","10","MIG61"
"","","","勇者の武器","10","MIG61"
"","","","ディープトランス","10","EIN54"
"","","","エムブレムメイカー","12","MIG61"
"","","","バーサーク","12","MIG61"
"","","","探求者の紋","12","EIN55"
"","","","闘神の紋","14","MIG61"
"","","","フラッシュトランス","14","MIG61"
"","","","紋章共鳴","14","EIN55"
"","","","トランスIII","16","MIG61"
"","","","聖護の紋","16","EIN55"
"","","","聖樹の武器","18","MIG61"
"","","","魔法殺しの紋","18","EIN55"
"","","","紋章解放","20","MIG61"
"","","","紋章暴走","20","EIN55"
"","","","大地の紋","21","EIN55"
"","","","終末の紋","24","EIN55"
"","","","太陽の紋","27","EIN55"
"","","","プライマルレイジ","30","EIN55"
"hunter","other","ハンター特技一覧","カバーリング","1","ALF94"
"","","","クリーチャー知識","1","ALF94"
"","","","応急手当","1","EIN56"
"","","","リバースライセンス","1","EIN56"
"","","","ディフェンダー","2","ALF94"
"","","","ハンターウェポン","2","ALF95"
"","","","インスタントアーム","2","EIN56"
"","","","クリーチャーポット","2","EIN56"
"","","","コンバットマスタリー","3","ALF95"
"","","","獣縛り","3","AVF62"
"","","","攻撃指示","3","EIN56"
"","","","ハンティングセンス","3","EIN56"
"","","","鋼鉄の体","4","ALF95"
"","","","鎧砕き","4","AVF62"
"","","","ブラッディアーム","4","EIN57"
"","","","防御指示","4","EIN57"
"","","","コンバットムーヴ","5","ALF95"
"","","","ウェポンフォーカス","5","AVF62"
"","","","操獣士","5","EIN57"
"","","","パターン分析","5","EIN57"
"","","","レンジドカバー","6","ALF95"
"","","","ウェポンマスタリー","6","AVF62"
"","","","サポートアタック","6","EIN57"
"","","","先手必勝","7","ALF95"
"","","","獣封じ","7","AVF62"
"","","","ディフェンススタイル","7","EIN57"
"","","","フルパワーアタック","7","EIN57"
"","","","影封じ","8","ALF95"
"","","","ウェポンカスタマイズ","8","AVF62"
"","","","大地の守護","8","AVF63"
"","","","ダーティアーツ","8","EIN57"
"","","","狩人かりうどの目","9","ALF95"
"","","","エリクサー","9","AVF63"
"","","","特攻攻撃","9","EIN57"
"","","","獣憑けものつき","10","ALF95"
"","","","センチネル","10","AVF63"
"","","","ダーティハート","10","EIN58"
"","","","ビーストライセンス","10","EIN58"
"","","","プラチナペンダント","10","EIN58"
"","","","トラップワイヤー","12","AVF63"
"","","","クリーチャーライド","12","EIN58"
"","","","マジックガード","12","EIN58"
"","","","オーラガード","14","AVF63"
"","","","ハングワイヤー","14","AVF63"
"","","","ビーストマインド","14","EIN58"
"","","","ブロッカー","14","EIN58"
"","","","レンジドカバーII","14","EIN58"
"","","","トリックワイヤー","16","AVF63"
"","","","コンビネーションアタック","16","EIN58"
"","","","カバーリングII","16","EIN59"
"","","","クリーチャーゲット","16","EIN59"
"","","","オーラワイヤー","18","AVF63"
"","","","戦神せんじんの守り","18","EIN59"
"","","","オーラストライク","20","AVF63"
"","","","鋼の神腕しんわん","20","EIN59"
"","","","守護神","21","EIN59"
"","","","バトルロウ","24","EIN59"
"","","","不敗の戦士","27","EIN59"
"","","","絶対の防壁","30","EIN59"
"Panzer Ritter","other","パンツァーリッター特技一覧","コーリング","1","ALF96"
"","","","チャージ","1","ALF96"
"","","","パンツァーIアイン","1","ALF96"
"","","","ランナバウト","2","ALF97"
"","","","ジャンプ","2","AVF64"
"","","","パンツァーIIツヴァイ","2","AVF64"
"","","","パンツァーIIIドライ","2","AVF64"
"","","","パンツァーゼーレ","3","ALF97"
"","","","悪魔の心臓デビルズ・ハート","3","EIN60"
"","","","バーストフューエル","4","ALF97"
"","","","ブレイクダンス","4","AVF64"
"","","","チャージII","4","EIN60"
"","","","チューンナップIアイン","5","ALF97"
"","","","チューンナップIIツヴァイ","5","AVF64"
"","","","チューンナップIIIドライ","5","AVF64"
"","","","ポップアップ","6","ALF97"
"","","","アイゼンシルト","6","AVF65"
"","","","フレアブレイズ","6","AVF65"
"","","","ジャンプII","6","EIN60"
"","","","クイックチェンジ","6","EIN60"
"","","","パンツァーシルト","7","ALF97"
"","","","アウェイダッシュ","7","EIN60"
"","","","パンツァーアサルト","7","EIN60"
"","","","ロデオライディング","8","ALF97"
"","","","パンツァーバスター","8","AVF65"
"","","","プロテクトシステム","8","AVF65"
"","","","マナコーティング","8","AVF65"
"","","","バーンナウト","9","ALF97"
"","","","マナブースター","9","AVF65"
"","","","悪魔のデビルズチューンIアイン","10","ALF97"
"","","","悪魔のデビルズチューンIIツヴァイ","10","AVF65"
"","","","悪魔のデビルズチューンIIIドライ","10","AVF65"
"","","","チャージIII","10","EIN61"
"","","","スーパーチャージャー","12","AVF65"
"","","","パイルバンカーシステム","12","AVF66"
"","","","マナブレイズ","12","AVF66"
"","","","エクソダス","14","AVF66"
"","","","人馬一体サジタリウス","14","AVF66"
"","","","ミラーコート","16","AVF66"
"","","","チャージIV","16","EIN61"
"","","","ローラートリック","16","EIN61"
"","","","パンツァーストライク","16","EIN61"
"","","","パーフェクトチューンIアイン","18","AVF66"
"","","","パーフェクトチューンIIツヴァイ","18","AVF66"
"","","","パーフェクトチューンIIIドライ","18","AVF66"
"","","","パンツァーフォー","20","AVF66"
"","","","ブレイザーアタック","20","EIN61"
"","","","マスターピース","21","EIN61"
"","","","パーフェクトユニゾン","24","EIN61"
"","","","トランセンデンス","27","EIN61"
"","","","ゴッドウィンド","30","EIN61"
"bright night","other","ブライト・ナイト特技一覧","AGウェポンパック","1","BKF18"
"","","","スクランブル","1","BKF18"
"","","","アームドギアA","1","BKF18"
"","","","アームドギアB","1","BKF19"
"","","","アームドギアC","1","BKF19"
"","","","シャープシュート","2","BKF19"
"","","","ファストアサルト","2","BKF19"
"","","","マイティアーム","2","BKF19"
"","","","アームドスカイ","3","BKF19"
"","","","ヴァーチャルアクション","3","BKF19"
"","","","エルーション","4","BKF19"
"","","","オンワード","4","BKF19"
"","","","ライトニングフォール","4","EIN62"
"","","","ボルカニックフレア","4","EIN62"
"","","","レイテントフレームA","5","BKF20"
"","","","レイテントフレームB","5","BKF20"
"","","","レイテントフレームC","5","BKF20"
"","","","カットインアタック","6","BKF20"
"","","","シャープシュートII","6","BKF20"
"","","","ファストアサルトII","6","EIN62"
"","","","リプログラミング","6","EIN62"
"","","","アームドタンク","7","BKF20"
"","","","アームドアラクノ","7","EIN62"
"","","","ヒーリングユニット","8","BKF20"
"","","","ミラージュアタック","9","BKF20"
"","","","フルセンサリング","9","EIN62"
"","","","レイテントフレームIIA","10","BKF20"
"","","","レイテントフレームIIB","10","BKF21"
"","","","レイテントフレームIIC","10","BKF21"
"","","","バーサーカーモード","12","BKF21"
"","","","フルメタルフライヤー","12","EIN63"
"","","","ヴァーチャルアクションII","14","BKF21"
"","","","スパイラルアサルト","14","EIN63"
"","","","プレディクションオペレート","16","BKF21"
"","","","リプログラミングII","16","EIN63"
"","","","マナフィールド","16","EIN63"
"","","","レイテントフレームIIIA","18","BKF21"
"","","","レイテントフレームIIIB","18","BKF21"
"","","","レイテントフレームIIIC","18","BKF21"
"","","","ラストシューティング","20","BKF21"
"","","","オーダートランスアーマー","20","EIN63"
"","","","スーサイドアタック","21","EIN63"
"","","","スペシャルフレーム","24","EIN63"
"","","","リミッターオフ","27","EIN63"
"","","","システムウェヌス","30","EIN63"
"Missional","other","ミッショナール特技一覧","神聖守護","1","WAR34"
"","","","預言","1","WAR34"
"","","","神術回路","1","WAR34"
"","","","神罰兵器","1","WAR35"
"","","","祝福されし身体からだ","2","WAR35"
"","","","祝福武器","2","WAR35"
"","","","光の裁き","2","WAR35"
"","","","聖務説法","2","EIN64"
"","","","偉大なる福音ふくいん","3","WAR35"
"","","","戦いの聖歌","3","WAR35"
"","","","断罪執行","3","WAR35"
"","","","強制懺悔ざんげ","4","WAR35"
"","","","神術回路II","4","WAR35"
"","","","神罰訓練","4","WAR36"
"","","","不屈の信仰","4","EIN64"
"","","","祝福強化","5","WAR36"
"","","","神聖守護四方陣","5","WAR36"
"","","","神罰兵器II","5","EIN64"
"","","","神罰強化","5","EIN64"
"","","","光輝の翼","6","WAR36"
"","","","戦いの聖歌II","6","WAR36"
"","","","神聖結界","7","WAR36"
"","","","神罰存在","7","WAR36"
"","","","祝福強化II","8","WAR36"
"","","","神術回路III","8","WAR36"
"","","","神聖守護84方陣","9","WAR37"
"","","","退魔の腕","9","WAR37"
"","","","聖戦への道","9","EIN64"
"","","","守護調律","10","WAR37"
"","","","最後の聖戦","10","WAR37"
"","","","神罰強化II","10","EIN64"
"","","","破邪の導き","12","WAR37"
"","","","裁きの鉄槌てっつい","12","EIN65"
"","","","破邪滅殺","14","WAR37"
"","","","不屈の信仰II","14","EIN65"
"","","","浄化の光","16","WAR37"
"","","","静謐せいひつなる救い","16","EIN65"
"","","","審判の時","18","WAR37"
"","","","断罪の剣つるぎ","18","EIN65"
"","","","滅亡の黄昏たそがれ","20","WAR37"
"","","","信仰の戦士","20","EIN65"
"","","","封滅結界","21","EIN65"
"","","","最後の審判","24","EIN65"
"","","","奇跡発現","27","EIN65"
"","","","最終戦争","30","EIN65"
"Alf","race","アルフ特技一覧","デジャ・ヴュ","1","ALF98"
"","","","ピンポイントレーザー","1","ALF98"
"","","","レーザーソード","1","ALF98"
"","","","ダークソード","1","AVF68"
"","","","マイクロブラックホール","1","AVF68"
"","","","リミッターコード","2","ALF99"
"","","","マインドアイズ","2","EIN66"
"","","","エンジェルハイロゥ","3","ALF99"
"","","","プレコグニションサポート","3","EIN66"
"","","","アストラルサポート","4","ALF99"
"","","","パーソナルバリア","5","ALF99"
"","","","アストラルブースタ","5","AVF68"
"","","","アストラルブレイク","5","EIN66"
"","","","メモリーズ","6","ALF99"
"","","","レリクスレンズ","6","AVF68"
"","","","ソードボルテクス","6","EIN66"
"","","","デストロイコード","7","ALF99"
"","","","スターダストレイン","7","AVF68"
"","","","プレコグニションサポートII","8","EIN66"
"","","","トランスポーター","8","ALF99"
"","","","メモリリーディング","8","AVF68"
"","","","ウェザーコントロール","9","ALF99"
"","","","アストラルコネクト","10","ALF99"
"","","","アストラルダイヴ","10","AVF69"
"","","","アストラルブースタII","10","AVF69"
"","","","アストラルブレイクII","10","EIN66"
"","","","カタストロフコード","12","AVF69"
"","","","パーソナルバリアII","12","AVF69"
"","","","ロストナレッジ","12","EIN67"
"","","","グラビティコントロール","14","AVF69"
"","","","マインドアイズII","14","EIN67"
"","","","アストラルブースタIII","16","AVF69"
"","","","カウントゼロ","16","AVF69"
"","","","グラビティレンズ","16","EIN67"
"","","","アポカリプスコード","18","AVF69"
"","","","ミラーコーティング","18","EIN67"
"","","","ストライクレインボー","20","AVF69"
"","","","アストラルフュージョン","20","EIN67"
"","","","ウィズダムファウンテン","21","EIN67"
"","","","ギアオブディスティニー","24","EIN67"
"","","","ソードオブアポカリプス","27","EIN67"
"","","","マーシフルフェイト","30","EIN67"
"Vahana","race","ヴァーハナ特技一覧","ヴァーハナ装備","1","MIG62"
"","","","ミニサイズ","1","MIG62"
"","","","奇跡の瞳","1","MIG62"
"","","","天空の眼","1","MIG63"
"","","","お気に入りの場所","1","EIN68"
"","","","火事場の底力","2","MIG63"
"","","","これでもくらえ!!","2","MIG63"
"","","","尻尾を立てろ!","2","MIG63"
"","","","小さな勇気","3","MIG63"
"","","","天空の守護","3","MIG63"
"","","","天空の光","3","MIG63"
"","","","小さな祝福","4","MIG63"
"","","","寵愛ちょうあい","4","MIG63"
"","","","天空の祝福","4","MIG64"
"","","","ちょこまか","4","EIN68"
"","","","天空の移送","5","MIG64"
"","","","長き命","5","MIG64"
"","","","小さな要塞","5","EIN68"
"","","","天空の知識","6","MIG64"
"","","","天空の光II","6","MIG64"
"","","","かいくぐり","6","EIN68"
"","","","奇跡の瞳II","7","MIG64"
"","","","天空の壁","7","MIG64"
"","","","果敢な挑戦","7","EIN68"
"","","","慈しみの心","8","MIG64"
"","","","天空のきまぐれ","8","MIG64"
"","","","天空の武器","8","EIN68"
"","","","天空の風","9","MIG65"
"","","","マスコット","9","MIG65"
"","","","天空の戦士","10","MIG65"
"","","","明星の語り部","10","MIG65"
"","","","天空の魔力","12","MIG65"
"","","","かわいさは罪","12","EIN69"
"","","","奇跡の瞳III","14","MIG65"
"","","","命懸けのチャンス","14","EIN69"
"","","","天空の彼方","16","MIG65"
"","","","天空の導き","16","EIN69"
"","","","絶対可憐","18","MIG65"
"","","","小さな英雄","18","EIN69"
"","","","天空の怒り","20","MIG65"
"","","","天空の戦具","20","EIN69"
"","","","天空の奇跡","21","EIN69"
"","","","天空の扉","24","EIN69"
"","","","天空の神域","27","EIN69"
"","","","天空の神業","30","EIN69"
"Valkyrie","race","ヴァルキリー特技一覧","W.A.R.S.","1","ALF100"
"","","","イメージプロジェクター","1","ALF100"
"","","","ディスチャージ","1","ALF100"
"","","","ディメンジョンフィールド","1","AVF70"
"","","","バトルシップモード","1","AVF70"
"","","","サブプロセッサ","1","EIN70"
"","","","ニューロナイズ","2","ALF101"
"","","","エキスパートボディ","2","AVF70"
"","","","艦載兵器","2","AVF70"
"","","","スマートリンク","3","ALF101"
"","","","オートリペア","3","AVF70"
"","","","艦砲掃射","3","AVF70"
"","","","リニアコーティング","3","EIN70"
"","","","エヴォリューションA.I.","4","ALF101"
"","","","イレギュラー","4","AVF71"
"","","","ハードワイヤード","5","ALF101"
"","","","ニュートラルフィールド","5","AVF71"
"","","","対空砲撃","5","EIN70"
"","","","バグチェッカー","6","ALF101"
"","","","アンチボディ","6","AVF71"
"","","","スキルウェブ","6","EIN70"
"","","","フルアーマーシフト","7","ALF101"
"","","","プラズマバインド","7","EIN70"
"","","","バーンアップ","8","ALF101"
"","","","ウェポントランス","8","AVF71"
"","","","攻性プログラム","8","AVF71"
"","","","プロファイル","8","EIN70"
"","","","レジストコート","9","ALF101"
"","","","ウェポンシフト","9","AVF71"
"","","","セカンドハーツ","10","ALF101"
"","","","バトルシップフォーム","10","AVF71"
"","","","フォトンチャージ","10","AVF71"
"","","","アーテラリィフォーム","12","AVF71"
"","","","アサルトモード","12","AVF72"
"","","","バスターモード","12","AVF72"
"","","","空域制圧","12","EIN71"
"","","","ウェポンクリエイション","14","AVF72"
"","","","ラストアタック","14","AVF72"
"","","","ホヴァリングドッジ","14","EIN71"
"","","","ストライクモード","16","AVF72"
"","","","デルタフォーム","16","AVF72"
"","","","超弩級戦艦ちょうどきゅうせんかん","16","EIN71"
"","","","S.E.M.フィールド","18","AVF72"
"","","","スターフォール","18","AVF72"
"","","","ACMエアリアル・コンバット・マニューバ","18","EIN71"
"","","","エンドオブザワールド","20","AVF72"
"","","","ラグナロクモード","20","EIN71"
"","","","ブレイズメイデン","21","EIN71"
"","","","ミサイルサーカス","24","EIN71"
"","","","フルメタルレクイエム","27","EIN71"
"","","","マイソロジーモード","30","EIN71"
"ogre","race","オウガ特技一覧","鬼の力","1","MIG66"
"","","","鬼の体","1","MIG66"
"","","","鬼の爪","1","MIG66"
"","","","勇者の血","1","EIN72"
"","","","激情","2","MIG67"
"","","","気配感知","2","MIG67"
"","","","咬撃こうげき","2","MIG67"
"","","","戦神楽いくさかぐら","2","EIN72"
"","","","怒りの一撃","3","MIG67"
"","","","掌打","3","MIG67"
"","","","咆吼ほうこう","3","MIG67"
"","","","鬼族きぞくの誇り","3","EIN72"
"","","","角つの読み","4","MIG67"
"","","","仁王立ち","4","MIG67"
"","","","貫撃ぬきうち","4","MIG67"
"","","","鬼投げ","4","EIN72"
"","","","鬼の剛力","5","MIG68"
"","","","鬼の爪II","5","MIG68"
"","","","気合い充填じゅうてん","6","MIG68"
"","","","咬撃こうげきII","6","MIG68"
"","","","勇者の血II","6","EIN72"
"","","","灼熱の血潮","7","MIG68"
"","","","精神集中","7","MIG68"
"","","","牙獣がじゅうの雄叫び","7","EIN72"
"","","","鬼の眼","8","MIG68"
"","","","必殺の一撃","8","MIG68"
"","","","戦鬼せんき","9","MIG68"
"","","","鉄身てっしん","9","MIG69"
"","","","決死の一撃","10","MIG69"
"","","","咬撃こうげきIII","10","MIG69"
"","","","鬼の爪III","12","MIG69"
"","","","勇者の血III","12","EIN73"
"","","","闘気充填じゅうてん","12","MIG69"
"","","","羅刹らせつ","14","MIG69"
"","","","戦場の駆け引き","14","EIN73"
"","","","鬼神の血爪けっそう","16","MIG69"
"","","","戦上手","16","EIN73"
"","","","夜叉やしゃ","18","MIG69"
"","","","戦語り","18","EIN73"
"","","","闘鬼","20","MIG69"
"","","","常在戦場","20","EIN73"
"","","","勝利の雄叫び","21","EIN73"
"","","","生死超越","24","EIN73"
"","","","闘鬼の焔衣ほむらごろも","27","EIN73"
"","","","豪腕粉砕","30","EIN73"
"Zaurus","race","ザウルス特技一覧","ディノスケイル","1","MIG70"
"","","","ディノパワー","1","MIG70"
"","","","報復","1","MIG70"
"","","","挑発咆吼ほうこう","2","MIG71"
"","","","ディノテイル","2","MIG71"
"","","","バウンディング","2","MIG71"
"","","","シェスタ","2","EIN74"
"","","","気合咆吼ほうこう","3","MIG71"
"","","","闘争本能","3","MIG71"
"","","","平伏へいふく移動","3","MIG71"
"","","","報復の序曲","3","EIN74"
"","","","臭い息","4","MIG71"
"","","","突撃攻撃","4","MIG71"
"","","","報復II","4","MIG71"
"","","","球状防御","4","EIN74"
"","","","重撃","5","MIG72"
"","","","瞬間防御","5","MIG72"
"","","","ディノブレイク","5","MIG72"
"","","","保護色","5","EIN74"
"","","","ディノインフェルノ","6","MIG72"
"","","","ディノスケイルII","6","MIG72"
"","","","闇討ち","6","EIN74"
"","","","強振攻撃","7","MIG72"
"","","","ディノクラッシュ","7","MIG72"
"","","","ディノマッスル","8","MIG72"
"","","","突撃咆吼ほうこう","8","MIG72"
"","","","戦慄の報復","8","EIN74"
"","","","瞬間防御II","9","MIG73"
"","","","衝撃咆吼ほうこう","9","MIG73"
"","","","ディノスケイルIII","10","MIG73"
"","","","ディノレイジ","10","MIG73"
"","","","瞬間防御III","12","MIG73"
"","","","ヴェンデッタ","12","EIN75"
"","","","暴走本能","14","MIG73"
"","","","ディノマイン","14","EIN75"
"","","","覚醒咆吼ほうこう","16","MIG73"
"","","","ディノパワーII","16","EIN75"
"","","","ディノスケイルIV","18","MIG73"
"","","","ディノヴァレンタイン","18","EIN75"
"","","","ディノリヴェンジャー","20","MIG73"
"","","","擬死","20","EIN75"
"","","","竜神顕現りゅうじんけんげん","21","EIN75"
"","","","亜神の報復","24","EIN75"
"","","","ドラゴニックフォーム","27","EIN75"
"","","","神竜の恩寵おんちょう","30","EIN75"
"Sirius","race","シリウス特技一覧","人化","1","AVF30"
"","","","天狼拳","1","AVF30"
"","","","発勁はっけい","1","AVF30"
"","","","魔狼拳","1","EIN76"
"","","","獣化","2","AVF31"
"","","","鍛錬","2","AVF31"
"","","","天狼拳・剛掌","2","AVF31"
"","","","魔狼拳:四態歩法したいほほう","2","EIN76"
"","","","功夫クンフー","3","AVF31"
"","","","硬気功","3","AVF31"
"","","","天狼拳・波押はおう","3","AVF31"
"","","","双勁そうけい","4","AVF31"
"","","","天狼拳・空徹","4","AVF31"
"","","","天狼拳・風牙","4","AVF32"
"","","","魔狼拳:連環打","4","EIN76"
"","","","天狼拳・剣狼","5","AVF32"
"","","","天狼拳・飛燕","5","AVF32"
"","","","鉄手てっしゅ","6","AVF32"
"","","","天狼拳・氷爪ひょうそう","6","AVF32"
"","","","天狼拳・無王","6","AVF32"
"","","","魔狼拳:化勁かけい","6","EIN76"
"","","","軽身功","7","AVF32"
"","","","天狼拳・炎牙","7","AVF32"
"","","","魔狼拳:暗勁あんけい","7","EIN76"
"","","","爆勁ばくけい","8","AVF32"
"","","","天狼拳・応閃","9","AVF32"
"","","","天狼拳・勁壁けいへき","9","AVF33"
"","","","天狼拳・神獣","10","AVF33"
"","","","天狼拳・練昇","10","AVF33"
"","","","連撃","10","AVF33"
"","","","魔狼拳:纏絲勁てんしけい","10","EIN76"
"","","","絶勁ぜつけい","12","AVF33"
"","","","魔狼拳:外跌砕がいてつさい","12","EIN77"
"","","","天狼拳・虚空","14","AVF33"
"","","","器械練功","14","EIN77"
"","","","天狼拳・天風","16","AVF33"
"","","","魔狼拳:脆引手ぜいいんしゅ","16","EIN77"
"","","","双牙拳","18","AVF33"
"","","","小周天","18","EIN77"
"","","","天狼拳・絶","20","AVF33"
"","","","空周天","20","EIN77"
"","","","狼神咆吼ろうしんほうこう","21","EIN77"
"","","","天魔拳","24","EIN77"
"","","","狼神変","27","EIN77"
"","","","天魔呑狼拳てんまどんろうけん","30","EIN77"
"Dwerg","race","ドヴェルグ特技一覧","ウォークライ","1","AVF34"
"","","","テイクオフ","1","AVF34"
"","","","ロックンロール","1","AVF34"
"","","","エアウォーク","2","AVF35"
"","","","クイックネス","2","AVF35"
"","","","シェイクヘッド","2","AVF35"
"","","","ブレイクアックス","2","AVF35"
"","","","ケイブナレッジ","2","EIN78"
"","","","スカイダンス","3","AVF35"
"","","","ビッグアックス","3","AVF35"
"","","","ファストウェイ","3","EIN78"
"","","","イン・ザ・スカイ","4","AVF35"
"","","","ヒートブラッド","4","AVF35"
"","","","メタラジー","4","EIN78"
"","","","フットフォール","5","AVF35"
"","","","ローリングストーン","5","AVF36"
"","","","コールバード","6","AVF36"
"","","","ホップステップ","6","AVF36"
"","","","マノウォー","6","EIN78"
"","","","ウィンドミル","7","AVF36"
"","","","タッチ・ザ・スカイ","7","AVF36"
"","","","タフネス","8","AVF36"
"","","","ディスコード","8","AVF36"
"","","","ハンマーハート","8","EIN78"
"","","","ジェイルロック","9","AVF36"
"","","","ヘヴィメタル","9","AVF36"
"","","","オリジナルアックス","10","AVF37"
"","","","ヘイルストーム","10","AVF37"
"","","","メタラジーII","10","EIN78"
"","","","ウォークライII","12","AVF37"
"","","","ラウドネス","12","AVF37"
"","","","サインズ・オブ・ハンマー","12","EIN79"
"","","","ビッグスティック","14","AVF37"
"","","","モッシュ・アンド・ダイヴ","14","AVF37"
"","","","ヘルタースケルター","14","EIN79"
"","","","ノーフューチャー","16","AVF37"
"","","","ブラックドック","16","EIN79"
"","","","バーニングブラッド","18","AVF37"
"","","","メタラジーIII","18","EIN79"
"","","","ロックオン","20","AVF37"
"","","","ブラストビート","20","EIN79"
"","","","スラッシュメタル","21","EIN79"
"","","","メガデス","24","EIN79"
"","","","ウォークライIII","27","EIN79"
"","","","天国への階段","30","EIN79"
"Fairy","race","フェアリー特技一覧","翅翼しよく","1","MIG74"
"","","","小さき理ことわり","1","MIG74"
"","","","剣つるぎのダンス","1","MIG74"
"","","","マナの羽","1","MIG75"
"","","","魔力の息吹","2","MIG75"
"","","","妖精魔法:光の癒し","2","MIG75"
"","","","妖精魔法:光の槍","2","MIG75"
"","","","飛空の粉","3","MIG75"
"","","","変容の掟おきて","3","MIG75"
"","","","マジックソード","3","MIG75"
"","","","そよかぜの舞","4","MIG75"
"","","","妖精魔法:霊光の煌きらめき","4","MIG75"
"","","","ソードブレイク","4","EIN80"
"","","","妖精郷の武具","5","MIG76"
"","","","理力の収束","5","MIG76"
"","","","ソードストーム","5","EIN80"
"","","","陽炎かげろうの変わり身","6","MIG76"
"","","","素早き風","6","MIG76"
"","","","ソードバリア","6","EIN80"
"","","","虹色の剣","7","MIG76"
"","","","妖精魔法:虹色の輪","7","MIG76"
"","","","黄金の粉","7","EIN80"
"","","","霧と霞の外套がいとう","8","MIG76"
"","","","調和の世界","8","MIG76"
"","","","ソードアサルト","8","EIN80"
"","","","夢幻むげんの魔力","9","MIG76"
"","","","妖精魔法:無限の光","9","MIG77"
"","","","光輝こうきの羽","10","MIG77"
"","","","悠久の理ことわり","10","MIG77"
"","","","ソードカウンター","10","EIN80"
"","","","悠久の風","12","MIG77"
"","","","悠久の羽","12","MIG77"
"","","","オーラブレード","12","EIN81"
"","","","妖精魔法:閃光の矢","14","MIG77"
"","","","妖精郷の秘宝","14","EIN81"
"","","","妖精の涙","16","MIG77"
"","","","宵闇の羽","16","EIN81"
"","","","妖精の輪","18","MIG77"
"","","","妖精郷の扉","18","EIN81"
"","","","妖精王","20","MIG77"
"","","","妖精騎士","20","EIN81"
"","","","マナの器うつわ","21","EIN81"
"","","","霧散する魔力","24","EIN81"
"","","","妖精軍","27","EIN81"
"","","","輝ける妖精郷","30","EIN81"
"Mellow","race","メロウ特技一覧","エアスイム","1","MIG78"
"","","","人化の薬","1","MIG78"
"","","","サンゴの槍","1","MIG78"
"","","","魔歌:青の叫び","1","MIG79"
"","","","水の衣","1","MIG79"
"","","","商売繁盛","1","EIN82"
"","","","貝殻細工","2","MIG79"
"","","","サンゴの竪琴たてごと","2","MIG79"
"","","","水棲","2","MIG79"
"","","","スピンスタンス","2","EIN82"
"","","","ジャベリンアタック","3","MIG79"
"","","","魔歌:黄金の輝き","3","MIG79"
"","","","魔歌:白金はくきんのさざ波","4","MIG79"
"","","","水の守護者","4","MIG79"
"","","","スパイラルスピン","4","EIN82"
"","","","魔歌:黄昏の秋波ウィンク","5","MIG80"
"","","","無限の袋","5","MIG80"
"","","","魔歌:黒の水球","6","MIG80"
"","","","メロウダンス","6","MIG80"
"","","","商品買付","6","EIN82"
"","","","海の宝玉","7","MIG80"
"","","","魔歌:緑の波動","7","MIG80"
"","","","魔歌:赤の衝撃","8","MIG80"
"","","","魔歌:白銀の大波","8","MIG80"
"","","","魔歌:灰銀の渦潮うずしお","8","EIN82"
"","","","魔歌:藍の津波","9","MIG80"
"","","","魔歌:群青ぐんじょうの荒波","9","MIG81"
"","","","スパイラルトルネイド","9","EIN82"
"","","","宝石装飾","10","MIG81"
"","","","魂の歌声","10","MIG81"
"","","","交易商人","10","EIN83"
"","","","エアスピン","12","MIG81"
"","","","魔歌:紫の激流","12","MIG81"
"","","","魔歌:群青ぐんじょうの荒波II","14","MIG81"
"","","","魔歌:紅くれないの霧風きりかぜ","14","EIN83"
"","","","魔歌:銀の氷塊ひょうかい","16","MIG81"
"","","","魔歌:白銀の大波II","16","EIN83"
"","","","歌い手の素質","18","MIG81"
"","","","荒波の歌声","18","EIN83"
"","","","魔歌:白の大渦おおうず","20","MIG81"
"","","","孤独の歌声","20","EIN83"
"","","","魔歌:琥珀の潮騒しおさい","21","EIN83"
"","","","魔歌:紺青こんじょうの大海嘯だいかいしょう","24","EIN83"
"","","","海原の歌声","27","EIN83"
"","","","海神の歌声","30","EIN83"
"Lynx","race","リンクス特技一覧","激高げっこう","1","AVF38"
"","","","猫神拳","1","AVF38"
"","","","猫の手","1","AVF38"
"","","","魔法弓","1","AVF39"
"","","","回転撃ち","2","AVF39"
"","","","猫の足","2","AVF39"
"","","","猫の呼び声","2","AVF39"
"","","","猫魔法・まじないラック","2","AVF39"
"","","","猫隠れ","2","EIN84"
"","","","猫っ飛び","3","AVF39"
"","","","猫魔法・きりさきスラッシュ","3","AVF39"
"","","","ワンツーアクション","3","AVF39"
"","","","猫の襲撃","3","EIN84"
"","","","猫神拳・旋風つむじ","4","AVF39"
"","","","猫の手II","4","AVF40"
"","","","猫魔法・ぐるぐるツイドル","4","AVF40"
"","","","猫道","5","AVF40"
"","","","流星弓","5","AVF40"
"","","","月を射る猫","5","EIN84"
"","","","彗星弓","6","AVF40"
"","","","猫魔法・いしなげブリット","6","AVF40"
"","","","地を穿うがつ猫","6","EIN84"
"","","","猫神拳・豹脚ひょうきゃく","7","AVF40"
"","","","猫魔法・かいしんフェイタル","7","AVF40"
"","","","風読み","8","AVF40"
"","","","瞬間睡眠","8","AVF41"
"","","","猫魔法・とんずらランナウェイ","8","EIN84"
"","","","猫魔法・たつまきエアカッター","9","AVF41"
"","","","猫魔法・ないないブリンク","9","EIN84"
"","","","スマッシュヒット","10","AVF41"
"","","","猫神拳・虎王こおう","10","AVF41"
"","","","猫魔法・ひのたまコメット","12","AVF41"
"","","","猫の業わざ","12","EIN85"
"","","","猫の手III","14","AVF41"
"","","","トリプルアクション","14","EIN85"
"","","","猫魔法・いなずまサンダーボルト","16","AVF41"
"","","","猫一目散","16","EIN85"
"","","","空中回転","18","AVF41"
"","","","猫魔法・しかえしカース","18","EIN85"
"","","","猫の王","20","AVF41"
"","","","流星神弓りゅうせいしんきゅう","20","EIN85"
"","","","猫の命","21","EIN85"
"","","","ウルの手","24","EIN85"
"","","","デッドリーショット","27","EIN85"
"","","","猫の神さま","30","EIN85"
"arc wizard","advanced","アークウィザード特技一覧","アークシンボル","1","EIN116"
"","","","賢者の石第三段階コンダクターサードステージ","1","EIN116"
"","","","アークスペル","1","EIN116"
"","","","アドバイス","1","EIN117"
"","","","魔導知識","1","EIN117"
"","","","マナリブート","1","EIN117"
"","","","教授","2","EIN117"
"","","","クイックブースト","2","EIN117"
"","","","ブレイブスペル","2","EIN117"
"","","","得意呪文","2","EIN117"
"","","","独自様式","2","EIN117"
"","","","ライフトランスファー","3","EIN117"
"","","","マナアクティベイト","3","EIN118"
"","","","セカンドセンス","4","EIN118"
"","","","属性消滅","4","EIN118"
"","","","魔導知識II","4","EIN118"
"","","","マナオーバーロード","5","EIN118"
"","","","マナリブートII","6","EIN118"
"","","","アークスペルII","7","EIN118"
"","","","完全対抗魔法","7","EIN118"
"","","","アドバイスII","8","EIN118"
"","","","シャッフル","9","EIN119"
"","","","アークスペルIII","10","EIN119"
"","","","魔力介入","10","EIN119"
"","","","瞬間詠唱","12","EIN119"
"","","","アテニュエーション","14","EIN119"
"","","","賢者の石最終段階コンダクターラストステージ","16","EIN119"
"","","","再活性","18","EIN119"
"","","","オリジナルスペル","20","EIN119"
"","","","サードセンス","20","EIN119"
"Ideal Sorcerer","advanced","イデアルソーサラー特技一覧","イデアルセフィロト","1","EIN120"
"","","","カバラ兵団","1","EIN120"
"","","","コード・アレフ","1","EIN120"
"","","","コード・ヘー","1","EIN121"
"","","","ポルターガイスト","1","EIN121"
"","","","埋め込み式カバラ回路","1","EIN121"
"","","","コード・コフ","2","EIN121"
"","","","コード・ツァダイ","2","EIN121"
"","","","コード・ラメド","2","EIN121"
"","","","コード・ギメル","3","EIN121"
"","","","コード・ベト","3","EIN121"
"","","","大火力部隊","3","EIN121"
"","","","カバラフィールド","4","EIN122"
"","","","高機動部隊","4","EIN122"
"","","","コード・ダレト","4","EIN122"
"","","","コード・ヨド","5","EIN122"
"","","","スフラーガートル","5","EIN122"
"","","","重装甲部隊","5","EIN122"
"","","","マナバインド","6","EIN122"
"","","","マナブラインド","6","EIN122"
"","","","コード・ザイン","6","EIN122"
"","","","コード・ヴァウ","7","EIN123"
"","","","コード・シン","8","EIN123"
"","","","コード・レシュ","9","EIN123"
"","","","上級カバラ兵団","10","EIN123"
"","","","ドミヌスコマンド","12","EIN123"
"","","","マルドゥク機関エンジン","14","EIN123"
"","","","リーチウェポン","16","EIN123"
"","","","コード・サメク","18","EIN123"
"","","","因果発生機","20","EIN123"
"Commander","advanced","コマンダー特技一覧","士官用装備","1","EIN132"
"","","","陣頭指揮","1","EIN132"
"","","","疾風迅雷","1","EIN132"
"","","","悪意剣イーベル・メッサー","2","EIN133"
"","","","戦術:突撃陣形","2","EIN133"
"","","","戦術:防御陣形","2","EIN133"
"","","","帝国への忠誠","3","EIN133"
"","","","戦術:一点集中","3","EIN133"
"","","","戦術:戦況把握","4","EIN133"
"","","","一騎当千","4","EIN133"
"","","","忠義の壁","5","EIN133"
"","","","獅子奮迅","5","EIN133"
"","","","兵站確保","6","EIN134"
"","","","悪意剣イーベル・メッサーII","6","EIN134"
"","","","先制攻撃","7","EIN134"
"","","","戦術:部隊展開","7","EIN134"
"","","","小さな助言","8","EIN134"
"","","","名将","8","EIN134"
"","","","陣頭指揮II","9","EIN134"
"","","","帝国への忠誠II","9","EIN134"
"","","","艦隊支援","10","EIN134"
"","","","疾風迅雷II","10","EIN135"
"","","","悪意剣イーベル・メッサーIII","12","EIN135"
"","","","戦術:奇策","12","EIN135"
"","","","電光石火","14","EIN135"
"","","","戦術:捨身突撃","14","EIN135"
"","","","常勝指揮官","16","EIN135"
"","","","最後の指示","16","EIN135"
"","","","悪意剣イーベル・メッサーIV","18","EIN135"
"","","","軍神","20","EIN135"
"spirit","advanced","スピリット特技一覧","精霊化","1","EIN136"
"","","","精霊喚起","1","EIN136"
"","","","半精霊","1","EIN136"
"","","","一刀両断","2","EIN137"
"","","","精霊乱舞","2","EIN137"
"","","","属性変換","3","EIN137"
"","","","奈落の天敵","3","EIN137"
"","","","精霊集積","4","EIN137"
"","","","精霊付与","4","EIN137"
"","","","獅子咆吼ししほうこう","5","EIN137"
"","","","捨身撃","5","EIN137"
"","","","精霊偏在","6","EIN137"
"","","","属性結界","6","EIN138"
"","","","希少精霊","7","EIN138"
"","","","精霊共鳴","7","EIN138"
"","","","精霊十絶陣","8","EIN138"
"","","","精霊武具","8","EIN138"
"","","","精霊元帥","9","EIN138"
"","","","精霊増幅","9","EIN138"
"","","","完全精霊化","10","EIN138"
"","","","精霊細工","10","EIN138"
"","","","一撃必殺","12","EIN139"
"","","","天地壊滅","12","EIN139"
"","","","収束反射","14","EIN139"
"","","","肉斬骨断にくざんこつだん","14","EIN139"
"","","","精霊収束","16","EIN139"
"","","","精霊転生せいれいてんしょう","16","EIN139"
"","","","世界抗体","16","EIN139"
"","","","精霊解放","18","EIN139"
"","","","精霊王","20","EIN139"
"Centurion","advanced","センチュリオン特技一覧","いくぜ! 野郎ども!","1","EIN140"
"","","","援護しろ!","1","EIN140"
"","","","弾幕を張れ!","1","EIN140"
"","","","突撃戦用意!","1","EIN141"
"","","","一点突破","2","EIN141"
"","","","俺に続け!","2","EIN141"
"","","","総員、戦闘準備!","2","EIN141"
"","","","よく狙え!","3","EIN141"
"","","","一気に抜けるぞ!","3","EIN141"
"","","","全員、構えろ!","3","EIN141"
"","","","今だ、やれ!","4","EIN141"
"","","","バカめと言ってやれ!","4","EIN141"
"","","","副長!","4","EIN142"
"","","","かかったな!","5","EIN142"
"","","","逃がすか!","5","EIN142"
"","","","気合いを入れろ!","6","EIN142"
"","","","斉射三連せいしゃさんれん!","6","EIN142"
"","","","計算どおりだ","7","EIN142"
"","","","好きにはさせない!","7","EIN142"
"","","","お前らの命、あずかった!","8","EIN142"
"","","","お前らよく聞け!","8","EIN142"
"","","","とどめは任せたぜ!","9","EIN143"
"","","","総員、戦闘準備、急げ!!","9","EIN143"
"","","","こいつが切り札だ!","10","EIN143"
"","","","これでとどめだ!","10","EIN143"
"","","","まだ終わらん!","12","EIN143"
"","","","お前らもっとよく聞け!","14","EIN143"
"","","","ここは任せろ!","16","EIN143"
"","","","こいつが本当の切り札だ!","18","EIN143"
"","","","こいつも取っておけ!","20","EIN143"
"daemon","advanced","デーモン特技一覧","デーモン属性","1","EIN144"
"","","","悪鬼羅刹あっきらせつ","1","EIN144"
"","","","暗黒の瞳","1","EIN144"
"","","","檻おり砕き","1","EIN145"
"","","","完全霊体","1","EIN145"
"","","","騎士種","1","EIN145"
"","","","デーモン装備","1","EIN145"
"","","","デモニックパワー","1","EIN145"
"","","","不浄不死","1","EIN145"
"","","","奈落の劫火ごうか","2","EIN145"
"","","","奈落の心","2","EIN145"
"","","","奈落の剣つるぎ","2","EIN145"
"","","","悪魔の力","3","EIN146"
"","","","魔界男爵","3","EIN146"
"","","","耐性貫通","4","EIN146"
"","","","魔界子爵","5","EIN146"
"","","","瘴気しょうきの鎖","6","EIN146"
"","","","魔界伯爵","7","EIN146"
"","","","デモニックバリア","8","EIN146"
"","","","魔界侯爵","9","EIN146"
"","","","悪鬼羅刹あっきらせつII","10","EIN146"
"","","","暗黒の瞳II","10","EIN147"
"","","","完全霊体II","10","EIN147"
"","","","騎士種II","10","EIN147"
"","","","不浄不死II","10","EIN147"
"","","","デモニックイリュージョン","12","EIN147"
"","","","魔界大公","14","EIN147"
"","","","悪魔属性変化","16","EIN147"
"","","","破滅の瘴気しょうき","18","EIN147"
"","","","魔王","20","EIN147"
"dragon","advanced","ドラゴン特技一覧","竜玉りゅうぎょく","1","EIN148"
"","","","竜変化りゅうへんげ","1","EIN148"
"","","","ソーサルブレス","1","EIN148"
"","","","ドラゴンブレス","1","EIN149"
"","","","ドラゴンアイ","2","EIN149"
"","","","竜の翼","2","EIN149"
"","","","グレートブレス","3","EIN149"
"","","","ブレスチャージ","3","EIN149"
"","","","竜の財宝","3","EIN149"
"","","","上位竜玉りゅうぎょく","4","EIN149"
"","","","竜の一撃","4","EIN149"
"","","","竜の鱗うろこ","4","EIN149"
"","","","高速竜化","5","EIN150"
"","","","ブレスチャージII","5","EIN150"
"","","","竜の力","5","EIN150"
"","","","竜変化りゅうへんげII","5","EIN150"
"","","","滅びのブレス","6","EIN150"
"","","","竜の血","7","EIN150"
"","","","竜の気","8","EIN150"
"","","","竜の巣","8","EIN150"
"","","","逆鱗げきりん","9","EIN150"
"","","","神竜撃しんりゅうげき","9","EIN151"
"","","","神竜変化しんりゅうへんげ","10","EIN151"
"","","","多頭竜","10","EIN151"
"","","","竜の爪と尾","12","EIN151"
"","","","災厄のブレス","14","EIN151"
"","","","ドラゴンハウリング","14","EIN151"
"","","","竜の鱗うろこII","16","EIN151"
"","","","恐怖の視線","18","EIN151"
"","","","終末の竜","20","EIN151"
"Priest","advanced","プリースト特技一覧","絶対運命","1","EIN152"
"","","","神の律法","1","EIN152"
"","","","心の壁","1","EIN152"
"","","","磔刑たっけい","1","EIN153"
"","","","断罪の檻おり","2","EIN153"
"","","","メギドの光","2","EIN153"
"","","","たゆまぬ信仰","3","EIN153"
"","","","純血の盾","3","EIN153"
"","","","運命介入","4","EIN153"
"","","","銀球天使","4","EIN153"
"","","","悔い改めよ","5","EIN153"
"","","","永遠の命","5","EIN153"
"","","","天上の翼","6","EIN154"
"","","","しもべの星","6","EIN154"
"","","","心の壁II","7","EIN154"
"","","","頭こうべを垂れよ","7","EIN154"
"","","","みこころのままに","8","EIN154"
"","","","友愛の盾","8","EIN154"
"","","","聖戦の嚆矢こうし","9","EIN154"
"","","","人形操り師ドールマスター","9","EIN154"
"","","","絶対運命II","10","EIN154"
"","","","神罰","10","EIN155"
"","","","ハレルヤ","12","EIN155"
"","","","守護の双星そうせい","12","EIN155"
"","","","心の壁III","14","EIN155"
"","","","新しき神の座","14","EIN155"
"","","","攻性障壁","16","EIN155"
"","","","天軍来迎てんぐんらいごう","16","EIN155"
"","","","絶対運命III","18","EIN155"
"","","","天使転生てんしてんしょう","20","EIN155"
"high alf","advanced","ハイアルフ特技一覧","天上人てんじょうびと","1","EIN156"
"","","","プリズムレセプター","1","EIN156"
"","","","クリアレセプター","1","EIN156"
"","","","ディメンジョンポケット","1","EIN157"
"","","","ミラージュフィールド","1","EIN157"
"","","","ライドオブヴァルキリー","1","EIN157"
"","","","アストラルブラスト","2","EIN157"
"","","","レーザーコーティング","2","EIN157"
"","","","フュージョンガン","3","EIN157"
"","","","レリクスクローク","3","EIN157"
"","","","マテリアルギア","4","EIN157"
"","","","ミラージュプリズン","4","EIN157"
"","","","テレインシフター","5","EIN158"
"","","","マルチカラーオーブ","5","EIN158"
"","","","レリクスブースター","6","EIN158"
"","","","W.A.R.S.レンディング","7","EIN158"
"","","","レリクスクラスター","7","EIN158"
"","","","ボイドコラプス","8","EIN158"
"","","","レリクスブレイク","8","EIN158"
"","","","アクティブビット","9","EIN158"
"","","","アブソーブロッド","9","EIN158"
"","","","メモリーアブダクション","10","EIN159"
"","","","ライフバックアップ","10","EIN159"
"","","","アストラルブラストII","12","EIN159"
"","","","オストラシズムカノン","12","EIN159"
"","","","ジェネシスフラグメント","14","EIN159"
"","","","プレーンシフトフィールド","14","EIN159"
"","","","ルミナスパニッシャー","16","EIN159"
"","","","レリクスハザード","18","EIN159"
"","","","アンノウンデバイス","20","EIN159"
"battle master","ainherial","バトルマスター特技一覧","ゴッドハンド","1","EIN160"
"","","","アームド","1","EIN160"
"","","","ヴァリアブルアタック","1","EIN160"
"","","","カスタムウェポン","1","EIN161"
"","","","フルスイング","1","EIN161"
"","","","グレイトパワー","2","EIN161"
"","","","ターンエッジ","2","EIN161"
"","","","アームドII","3","EIN161"
"","","","カスタムウェポンII","3","EIN161"
"","","","旋風つむじ","3","EIN161"
"","","","パンプアップ","3","EIN161"
"","","","受け流し","4","EIN161"
"","","","ギガントクラッシュ","4","EIN162"
"","","","飛天","4","EIN162"
"","","","不退転","5","EIN162"
"","","","斬鉄","6","EIN162"
"","","","爆裂","6","EIN162"
"","","","鎧袖一触がいしゅういっしょく","7","EIN162"
"","","","超力ちょうりき","7","EIN162"
"","","","アームドIII","8","EIN162"
"","","","メガブレイド","8","EIN162"
"","","","トゥーハンドマスター","9","EIN163"
"","","","ライフストリーム","9","EIN163"
"","","","アタッカー","10","EIN163"
"","","","ジャッジメントスラッシュ","10","EIN163"
"","","","霊魂断裂","10","EIN163"
"","","","ダブルアタック","12","EIN163"
"","","","リミットアタック","16","EIN163"
"","","","ガードブレイカー","18","EIN163"
"","","","リバースダメージ","20","EIN163"
"Strider","ainherial","ストライダー特技一覧","シャドウツール","1","EIN164"
"","","","バックスタッブ","1","EIN164"
"","","","シャドウアブソーブ","1","EIN164"
"","","","ビーストセンス","1","EIN165"
"","","","サーチエネミー","2","EIN165"
"","","","シャドウアーツ","2","EIN165"
"","","","フェイントアタック","2","EIN165"
"","","","インビジブルスウェー","3","EIN165"
"","","","シャドウアーツII","3","EIN165"
"","","","イービルヒット","4","EIN165"
"","","","ヴェノムレジスタンス","4","EIN165"
"","","","シャドウミラージュ","4","EIN165"
"","","","シャドウツールII","5","EIN166"
"","","","タナトスエッジ","5","EIN166"
"","","","ギルティ","6","EIN166"
"","","","ゴッドスピード","6","EIN166"
"","","","シャドウアブソーブII","6","EIN166"
"","","","バニッシュ","6","EIN166"
"","","","ゴーストイリュージョン","7","EIN166"
"","","","パラライズエッジ","7","EIN166"
"","","","ダークアイ","8","EIN166"
"","","","シャドウアブソーブIII","9","EIN167"
"","","","ヴェノムエッジ","10","EIN167"
"","","","シャドウツールIII","10","EIN167"
"","","","シャドウアブソーブIV","10","EIN167"
"","","","トリプルアタック","12","EIN167"
"","","","ギルティII","14","EIN167"
"","","","シャドウスキル","16","EIN167"
"","","","アサルトエッジ","18","EIN167"
"","","","マーダースキル","20","EIN167"
"Warlock","ainherial","ウォーロック特技一覧","グラデーションマジック","1","EIN168"
"","","","クレッシェンド","1","EIN168"
"","","","マナニードル","1","EIN168"
"","","","リフレイン","1","EIN169"
"","","","エキスパート","2","EIN169"
"","","","ジーニアス","2","EIN169"
"","","","ダブルマジック","2","EIN169"
"","","","マジックインパクト","2","EIN169"
"","","","クレッシェンドII","3","EIN169"
"","","","マジックコマンド","3","EIN169"
"","","","マナソウル","3","EIN169"
"","","","ナイトメアブロウ","4","EIN169"
"","","","マナボルト","4","EIN170"
"","","","リストリクション","4","EIN170"
"","","","エキスパートII","5","EIN170"
"","","","ハリケーン","5","EIN170"
"","","","トライフォース","6","EIN170"
"","","","アヴェンジ","7","EIN170"
"","","","マナドレイン","7","EIN170"
"","","","クレッシェンドIII","8","EIN170"
"","","","ルミナスフレア","8","EIN170"
"","","","ファストキャスト","9","EIN171"
"","","","スピリットフォース","10","EIN171"
"","","","ダークハーヴェスト","10","EIN171"
"","","","デスウィッシュ","12","EIN171"
"","","","トリプルマジック","12","EIN171"
"","","","ダークバースト","14","EIN171"
"","","","ブーストフォース","16","EIN171"
"","","","スペリオルアート","18","EIN171"
"","","","スパイラルネメシス","20","EIN171"
"Guardian","ainherial","ガーディアン特技一覧","セイクリッドレイン","1","EIN172"
"","","","コールシャイン","1","EIN172"
"","","","シールドドーム","1","EIN172"
"","","","ブーストアップ","1","EIN173"
"","","","ダブルアクション","2","EIN173"
"","","","フォーメイション","2","EIN173"
"","","","プロテクトシェル","2","EIN173"
"","","","ホイールオブフォーチュン","2","EIN173"
"","","","シャインエフィシエント","3","EIN173"
"","","","ソウルリンク","3","EIN173"
"","","","グッドラック","4","EIN173"
"","","","コンバージョン","4","EIN173"
"","","","ビクトリアス","4","EIN174"
"","","","フォーススライド","5","EIN174"
"","","","フォースミラー","5","EIN174"
"","","","シャインバリア","6","EIN174"
"","","","ブーストアップII","6","EIN174"
"","","","シャインアーマー","7","EIN174"
"","","","ハードシールド","7","EIN174"
"","","","エースガード","8","EIN174"
"","","","シャインライズ","8","EIN174"
"","","","サンクチュアリ","9","EIN175"
"","","","アトリビュートオーダー","10","EIN175"
"","","","ブレイクスルー","10","EIN175"
"","","","シャインエフィシエントII","12","EIN175"
"","","","マルチアクション","12","EIN175"
"","","","オーラチャージ","14","EIN175"
"","","","シャインアーマーII","16","EIN175"
"","","","スケープゴート","18","EIN175"
"","","","インヴァルネラブル","20","EIN175"
